status	bytes	slug	local_path
200	14039	eleven-agents/customization/widget	pages/eleven-agents/customization/widget.mdx
200	7914	eleven-agents/guides/chat-mode	pages/eleven-agents/guides/chat-mode.mdx
200	6865	eleven-agents/dashboard	pages/eleven-agents/dashboard.mdx
200	27988	eleven-agents/api-reference/widget/get	pages/eleven-agents/api-reference/widget/get.mdx
200	7840	eleven-agents/api-reference/widget/create	pages/eleven-agents/api-reference/widget/create.mdx
200	3508	eleven-api/resources/libraries	pages/eleven-api/resources/libraries.mdx
200	20994	eleven-agents/libraries/react	pages/eleven-agents/libraries/react.mdx
200	11401	eleven-agents/libraries/java-script	pages/eleven-agents/libraries/java-script.mdx
200	7665	eleven-agents/libraries/react-native	pages/eleven-agents/libraries/react-native.mdx
200	13860	eleven-agents/libraries/swift	pages/eleven-agents/libraries/swift.mdx
200	13042	eleven-agents/libraries/kotlin	pages/eleven-agents/libraries/kotlin.mdx
200	4061	eleven-agents/libraries/python	pages/eleven-agents/libraries/python.mdx
200	11134	eleven-agents/libraries/web-sockets	pages/eleven-agents/libraries/web-sockets.mdx
200	895	eleven-agents/customization/events	pages/eleven-agents/customization/events.mdx
200	15912	eleven-agents/customization/events/client-events	pages/eleven-agents/customization/events/client-events.mdx
200	4861	eleven-agents/customization/events/client-to-server-events	pages/eleven-agents/customization/events/client-to-server-events.mdx
200	3294	eleven-agents/customization/personalization	pages/eleven-agents/customization/personalization.mdx
200	16487	eleven-agents/customization/personalization/dynamic-variables	pages/eleven-agents/customization/personalization/dynamic-variables.mdx
200	9387	eleven-agents/customization/personalization/overrides	pages/eleven-agents/customization/personalization/overrides.mdx
200	12445	eleven-agents/customization/conversation-flow	pages/eleven-agents/customization/conversation-flow.mdx
200	10845	eleven-agents/customization/authentication	pages/eleven-agents/customization/authentication.mdx
200	1841	eleven-agents/customization/voice	pages/eleven-agents/customization/voice.mdx
200	8523	eleven-agents/customization/voice/expressive-mode	pages/eleven-agents/customization/voice/expressive-mode.mdx
200	2510	eleven-agents/customization/voice/speed-control	pages/eleven-agents/customization/voice/speed-control.mdx
200	8133	eleven-agents/customization/voice/multi-voice-support	pages/eleven-agents/customization/voice/multi-voice-support.mdx
200	4930	eleven-agents/customization/voice/pronunciation-dictionary	pages/eleven-agents/customization/voice/pronunciation-dictionary.mdx
200	5899	eleven-agents/customization/voice/customization/language	pages/eleven-agents/customization/voice/customization/language.mdx
200	10186	eleven-agents/customization/tools/tool-configuration/tool-call-sounds	pages/eleven-agents/customization/tools/tool-configuration/tool-call-sounds.mdx
200	7613	eleven-agents/guides/quickstarts/next-js	pages/eleven-agents/guides/quickstarts/next-js.mdx
200	8462	eleven-agents/guides/quickstarts/java-script	pages/eleven-agents/guides/quickstarts/java-script.mdx
200	5232	eleven-agents/guides/integrations/live-avatar	pages/eleven-agents/guides/integrations/live-avatar.mdx
200	17789	eleven-agents/guides/integrations/expo-react-native	pages/eleven-agents/guides/integrations/expo-react-native.mdx
200	2157	eleven-agents/guides/no-code/framer	pages/eleven-agents/guides/no-code/framer.mdx
200	1933	eleven-agents/guides/no-code/webflow	pages/eleven-agents/guides/no-code/webflow.mdx
200	1731	eleven-agents/guides/no-code/wix	pages/eleven-agents/guides/no-code/wix.mdx
200	1916	eleven-agents/guides/no-code/squarespace	pages/eleven-agents/guides/no-code/squarespace.mdx
200	1846	eleven-agents/guides/no-code/ghost	pages/eleven-agents/guides/no-code/ghost.mdx
200	1915	eleven-agents/guides/no-code/word-press	pages/eleven-agents/guides/no-code/word-press.mdx
200	3497	eleven-agents/integrate/overview	pages/eleven-agents/integrate/overview.mdx
